node_id,latitude,longitude,node_type
0,10.8049894,106.7212002,intersection
1,10.7902412,106.7095438,intersection
2,10.8086903,106.6917263,intersection
3,10.7999018,106.7209953,intersection
4,10.7957507,106.6982258,intersection
5,10.8076276,106.7163669,intersection
6,10.7973815,106.7107835,stop_location
7,10.8028659,106.7197241,intersection
8,10.811071,106.7034543,stop_location
9,10.7986147,106.7111156,intersection
10,10.796315,106.7103684,intersection
11,10.8034106,106.7152825,intersection
12,10.8111817,106.7182744,intersection
13,10.8032016,106.7225025,intersection
14,10.8065608,106.7028068,intermediate
15,10.8007086,106.6972653,intersection
16,10.7874751,106.7144668,intersection
17,10.7893649,106.7085295,intersection
18,10.7902922,106.7086951,intersection
19,10.8042501,106.716427,intersection
20,10.8036436,106.7144154,intersection
21,10.7938396,106.7154792,intermediate
22,10.8033157,106.7205287,stop_location
23,10.7927261,106.7074335,intersection
24,10.803893,106.7182437,intersection
25,10.8011048,106.7091863,intersection
26,10.799887,106.7218647,intersection
27,10.8081256,106.7063868,intersection
28,10.8083475,106.7092839,intersection
29,10.7984321,106.7202464,intersection
30,10.8066271,106.6900303,intersection
31,10.8031908,106.7060572,intersection
32,10.8027565,106.7196572,intersection
33,10.803295,106.71583,intersection
34,10.8072483,106.6911013,intersection
35,10.8023219,106.7018539,intersection
36,10.8035429,106.6896946,intermediate
37,10.8024345,106.7156494,stop_location
38,10.8030717,106.7199216,intersection
39,10.8105801,106.7091825,intersection
40,10.8083795,106.7166147,intersection
41,10.8043261,106.7158856,stop_location
42,10.8037712,106.6879295,intersection
43,10.8101365,106.7153879,intersection
44,10.7915021,106.7143268,intersection
45,10.8056313,106.6885225,intersection
46,10.8048755,106.7016449,intersection
47,10.8083113,106.6880724,intersection
48,10.7897002,106.708346,intersection
49,10.7947682,106.7093592,stop_location
50,10.8070679,106.7078838,intersection
51,10.8153609,106.7007569,intersection
52,10.8107657,106.718673,intersection
53,10.7902283,106.7099177,intersection
54,10.8053536,106.6950167,intersection
55,10.7956827,106.6961876,intersection
56,10.8086948,106.6912046,intersection
57,10.8080529,106.6885586,intersection
58,10.7926449,106.7051728,intersection
59,10.8091266,106.7134702,intersection
60,10.8037001,106.7217033,intersection
61,10.8027557,106.6950153,stop_location
62,10.7920001,106.7088467,intersection
63,10.7953381,106.7099065,intersection
64,10.8099275,106.7126155,intersection
65,10.8081118,106.6954235,intersection
66,10.8092977,106.7062247,intersection
67,10.8028692,106.7114139,stop_location
68,10.8073216,106.7174698,intersection
69,10.8000632,106.7236095,intersection
70,10.797113,106.6937195,intersection
71,10.8072297,106.6919704,intermediate
72,10.8026325,106.6986377,intersection
73,10.80087,106.7233295,intersection
74,10.8099454,106.6962169,intersection
75,10.8062957,106.6970763,intersection
76,10.7876509,106.7153223,intersection
77,10.8022693,106.7161639,intersection
78,10.8005835,106.7183269,intersection
79,10.8004322,106.7186347,intersection
80,10.8028806,106.7141932,intersection
81,10.8092648,106.7159197,intermediate
82,10.8044233,106.7153102,intersection
83,10.8109265,106.7021297,stop_location
84,10.8020903,106.7225961,stop_location
85,10.8027039,106.7028186,intermediate
86,10.8058787,106.6973621,intersection
87,10.8110073,106.7011018,intersection
88,10.803151,106.6984131,stop_location
89,10.800483,106.7235332,intersection
90,10.8031859,106.6923933,intersection
91,10.8042046,106.6964882,intersection
92,10.8071609,106.7027406,intermediate
93,10.8058487,106.7159686,intersection
94,10.8068239,106.711564,intersection
95,10.8092144,106.7092345,stop_location
96,10.8009447,106.7151083,intersection
97,10.8162385,106.7153925,intersection
98,10.8014085,106.7135134,intersection
99,10.8064749,106.6988038,intersection
100,10.8030829,106.6996869,intersection
101,10.8026202,106.7200473,intersection
102,10.7910963,106.7147531,intersection
103,10.8086855,106.6990154,intersection
104,10.8026028,106.7151378,intersection
105,10.8115667,106.7091408,stop_location
106,10.7910028,106.7074376,intersection
107,10.8093105,106.6913345,intermediate
108,10.8035683,106.7213334,intersection
109,10.8048752,106.7153952,stop_location
110,10.8033333,106.700317,intersection
111,10.7917838,106.7145972,intersection
112,10.8080955,106.6917769,intersection
113,10.8045675,106.7146462,intersection
114,10.8007998,106.7226564,intersection
115,10.7966411,106.6962541,intersection
116,10.8173527,106.7131435,intermediate
117,10.8086207,106.7001616,intersection
118,10.81074,106.7188193,intersection
119,10.8016328,106.7003494,intersection
120,10.8001881,106.7191792,intersection
121,10.8074025,106.6993125,intersection
122,10.8040279,106.6979098,intersection
123,10.7916001,106.709985,intersection
124,10.7983551,106.7122133,intersection
125,10.788806,106.7167359,intermediate
126,10.8117045,106.7066789,intersection
127,10.7977493,106.6937024,intersection
128,10.8018295,106.7217128,intersection
129,10.8044016,106.6949921,intersection
130,10.8104721,106.7106139,intermediate
131,10.8040213,106.6982434,intersection
132,10.796244,106.7231656,intersection
133,10.7999851,106.722732,intersection
134,10.8152652,106.7077638,stop_location
135,10.8042039,106.7219476,intersection
136,10.8114831,106.7144675,intersection
137,10.8053875,106.7115299,intersection
138,10.8102113,106.6989949,intersection
139,10.7901978,106.7107017,intersection
140,10.8030766,106.6933269,stop_location
141,10.811307,106.6955479,stop_location
142,10.8038157,106.701596,stop_location
143,10.8007242,106.7210203,intersection
144,10.7958981,106.6937097,intersection
145,10.7972576,106.7081239,intersection
146,10.8146617,106.7128223,intersection
147,10.8060831,106.7149902,intersection
148,10.7904563,106.7078312,intersection
149,10.8112469,106.6954833,intersection
150,10.7951101,106.6929896,intersection
151,10.8007142,106.7218095,intersection
152,10.8057337,106.6967649,stop_location
153,10.8087279,106.7018196,intersection
154,10.8102553,106.7123041,stop_location
155,10.8067035,106.7055278,intersection
156,10.8008576,106.6988826,intersection
157,10.8171703,106.706114,intersection
158,10.8003961,106.7165178,intersection
159,10.8006008,106.716034,intersection
160,10.789374,106.7138669,intersection
161,10.7896678,106.712201,intersection
162,10.7986778,106.721488,intersection
163,10.7978383,106.721472,intersection
164,10.7875556,106.7149755,intersection
165,10.7985225,106.7196407,intersection
166,10.8006438,106.7112997,intersection
167,10.8002337,106.7164544,intersection
168,10.800461,106.7159791,intersection
169,10.8011582,106.713904,intersection
170,10.8009111,106.7090323,intersection
171,10.8033941,106.6909136,intersection
172,10.802299,106.6922239,intersection
173,10.8025539,106.6933064,intersection
174,10.8103636,106.6923553,intersection
175,10.8111947,106.7045663,intersection
176,10.8116286,106.7045749,intersection
177,10.8119649,106.7048045,intersection
178,10.8106422,106.7086074,intersection
179,10.8112015,106.7076716,intersection
180,10.8111228,106.7086163,intersection
181,10.8107042,106.7076393,intersection
182,10.8116403,106.7077134,intersection
183,10.8115749,106.7085835,intersection
184,10.8124111,106.708676,intersection
185,10.8124997,106.7077921,intersection
186,10.8120799,106.7077613,intersection
187,10.8120083,106.708617,intersection
188,10.8127528,106.707816,intermediate
189,10.8133163,106.7095349,stop_location
190,10.817588,106.7124794,intermediate
191,10.7947643,106.7015669,stop_location
192,10.8012953,106.7092837,intersection
193,10.7894924,106.7121753,intersection
194,10.7890519,106.7145504,intersection
195,10.7990096,106.7236739,intersection
196,10.7974056,106.7206716,intersection
197,10.7991448,106.7236816,intersection
198,10.7972141,106.7043938,stop_location
199,10.7988022,106.7059684,intersection
200,10.8011911,106.7107669,intersection
201,10.8020476,106.7112775,intersection
202,10.802169,106.7114279,intersection
203,10.8012885,106.7119071,intersection
204,10.8010848,106.7151566,stop_location
205,10.796327,106.6930493,intersection
206,10.7967241,106.6930698,intersection
207,10.7971723,106.69249,intersection
208,10.7959501,106.6927751,intersection
209,10.7962754,106.6925426,intersection
210,10.7962907,106.6937311,intersection
211,10.7971476,106.6930979,intersection
212,10.7966991,106.6937418,intersection
213,10.7959377,106.6930295,intersection
214,10.8165161,106.7111954,stop_location
215,10.7994049,106.7187479,intersection
216,10.7984814,106.719435,stop_location
217,10.7990516,106.7193129,intersection
218,10.8050162,106.7094936,intersection
219,10.8049649,106.710033,intersection
220,10.811519,106.7054898,intersection
221,10.8114225,106.7060622,intersection
222,10.8112718,106.7066404,intersection
223,10.7942644,106.7106763,intermediate
224,10.7889768,106.7087704,intersection
225,10.791324,106.7115982,intersection
226,10.790182,106.7113829,intersection
227,10.8167738,106.7063868,intersection
228,10.8132825,106.7048055,intersection
229,10.8087694,106.708297,intersection
230,10.8178198,106.7084952,intersection
231,10.8115966,106.7047902,intersection
232,10.8162841,106.708984,intersection
233,10.8164568,106.7091908,intersection
234,10.8032121,106.7202194,intersection
235,10.8078885,106.7156988,intersection
236,10.8069145,106.7154903,intersection
237,10.8091605,106.7082735,intersection
238,10.8013286,106.7205495,intersection
239,10.8082807,106.7083191,intersection
240,10.8068069,106.7161592,stop_location
241,10.799888,106.7199897,intersection
242,10.8088223,106.7092607,intersection
243,10.7959925,106.69197,intersection
244,10.8035773,106.6894155,intersection
245,10.8049604,106.6894639,intermediate
246,10.8057539,106.6880903,intersection
247,10.8080081,106.7053651,intersection
248,10.8062041,106.6895488,intermediate
249,10.8078036,106.6911117,intersection
250,10.8077989,106.6918036,intersection
251,10.8080601,106.6932714,intermediate
252,10.8085511,106.6891266,intersection
253,10.8097053,106.6927586,stop_location
254,10.8013531,106.6987282,intermediate
255,10.8014679,106.6973721,intersection
256,10.8045596,106.7028423,intersection
257,10.8047721,106.7034961,intersection
258,10.8047899,106.7016418,intersection
259,10.8048409,106.7024677,intersection
260,10.7981247,106.6971653,intermediate
261,10.7989703,106.6972807,intersection
262,10.7989915,106.6970203,intersection
263,10.7990366,106.6964065,intersection
264,10.7956084,106.702232,stop_location
265,10.7956367,106.6990805,intermediate
266,10.7969534,106.7009045,intersection
267,10.797569,106.7003499,intersection
268,10.7975799,106.7004858,intersection
269,10.7978321,106.7073588,intersection
270,10.7980784,106.7002168,intermediate
271,10.7982278,106.6998695,intermediate
272,10.7985405,106.7001007,intersection
273,10.7985148,106.7066975,intersection
274,10.7991158,106.6994039,intersection
275,10.7991746,106.6995863,intersection
276,10.7991904,106.6998736,intersection
277,10.7992251,106.699726,intersection
278,10.7993854,106.7007427,intersection
279,10.7998405,106.7011074,intersection
280,10.800477,106.7156061,intersection
281,10.8011855,106.7113752,intersection
282,10.8012791,106.7111262,intersection
283,10.8015651,106.7110915,intersection
284,10.8016017,106.7115512,intersection
285,10.8016858,106.7114473,intersection
286,10.8016809,106.7112111,intersection
287,10.7959086,106.7066354,intersection
288,10.7977775,106.721121,intersection
289,10.7977449,106.7241969,intersection
290,10.7985786,106.7209545,intersection
291,10.7987901,106.7214179,intersection
292,10.7989827,106.7219224,intersection
293,10.7991392,106.7239167,intersection
294,10.7991104,106.7232734,stop_location
295,10.7994936,106.7111687,intersection
296,10.799482,106.7099581,intersection
297,10.7995521,106.7100687,intersection
298,10.7996228,106.710204,intersection
299,10.7998045,106.7099003,intersection
300,10.7999445,106.7222695,intersection
301,10.7999805,106.706663,intersection
302,10.8001203,106.7193683,intersection
303,10.800213,106.7201063,intersection
304,10.8002838,106.7218681,intersection
305,10.8003129,106.7209956,intersection
306,10.8004571,106.7194992,intersection
307,10.8004988,106.7202191,intersection
308,10.8006935,106.719596,intersection
309,10.800731,106.7188182,intersection
310,10.8008,106.7203379,intersection
311,10.8007577,106.7221966,intersection
312,10.800924,106.7185017,intersection
313,10.8010272,106.7197215,intersection
314,10.8010508,106.7204458,intersection
315,10.8012382,106.7210916,intersection
316,10.8012802,106.7198215,intersection
317,10.8012859,106.7191441,intersection
318,10.8015544,106.719934,intersection
319,10.8016477,106.7206695,intersection
320,10.8018095,106.7190843,intersection
321,10.8018955,106.7200926,intersection
322,10.801994,106.7186846,intersection
323,10.8020811,106.7196764,intersection
324,10.8020517,106.7206307,intersection
325,10.8022009,106.7202209,intersection
326,10.8023347,106.7189353,intersection
327,10.8026034,106.7191314,intersection
328,10.8028936,106.7193233,intersection
329,10.8031608,106.7178587,intersection
330,10.8032807,106.7195158,intersection
331,10.8029751,106.7152049,intersection
332,10.8032235,106.7142977,intersection
333,10.8073019,106.7215931,intermediate
334,10.8077198,106.7206826,intersection
335,10.8089839,106.7206708,intersection
336,10.8042561,106.6992455,intersection
337,10.8045995,106.7005799,intersection
338,10.8055817,106.7014536,intermediate
339,10.805786,106.7004043,intermediate
340,10.8057498,106.7007286,intermediate
341,10.806304,106.7017718,intermediate
342,10.8065269,106.6883361,intermediate
343,10.8064313,106.7018159,intersection
344,10.8065439,106.7010122,intersection
345,10.8068597,106.70278,intermediate
346,10.8069275,106.6897479,intersection
347,10.8074385,106.7054494,intersection
348,10.8077039,106.7019972,intersection
349,10.8077649,106.7075938,intersection
350,10.8082785,106.7018968,intersection
351,10.8086492,106.704913,intermediate
352,10.8097531,106.7016514,intermediate
353,10.8107877,106.7065973,stop_location
354,10.8118836,106.7055256,intersection
355,10.8121483,106.7067184,intersection
356,10.8122259,106.7055592,intersection
357,10.8123166,106.7055681,intersection
358,10.8123955,106.7048306,intersection
359,10.8128254,106.7056181,intersection
360,10.8128655,106.7048638,intersection
361,10.8132902,106.7056637,intersection
362,10.8133096,106.7048944,intersection
363,10.7908711,106.714991,stop_location
364,10.789729,106.7173835,intersection
365,10.7896308,106.7172004,intersection
366,10.790836,106.7182539,intersection
367,10.7893765,106.7139545,intersection
368,10.7874223,106.7178171,intersection
369,10.7890806,106.7160705,intersection
370,10.7887138,106.7166191,intersection
371,10.7890441,106.7159944,intersection
372,10.7892007,106.7166622,intersection
373,10.7895798,106.7165563,intersection
374,10.7871755,106.7177594,intermediate
375,10.7896992,106.7163009,intersection
376,10.7889937,106.7169093,intersection
377,10.7902406,106.7176137,intersection
378,10.7884218,106.7167942,intersection
379,10.7891176,106.713571,intersection
380,10.7893196,106.7148132,intersection
381,10.7896964,106.7147878,intersection
382,10.7902123,106.715575,intersection
383,10.7940269,106.7156149,intermediate
384,10.7945043,106.6948898,intersection
385,10.7939308,106.7006512,intersection
386,10.794009,106.7009629,intersection
387,10.7941334,106.7013544,intermediate
388,10.7935387,106.7014922,intersection
389,10.7936134,106.7012471,intersection
390,10.7937993,106.7002012,intersection
391,10.793993,106.6974288,intersection
392,10.8050535,106.6925703,intermediate
393,10.8047449,106.693326,intermediate
394,10.8040811,106.6919803,intersection
395,10.7976539,106.7177724,stop_location
396,10.7993417,106.7179711,intersection
397,10.7960375,106.7187281,intersection
398,10.7968466,106.7182219,intersection
399,10.7957894,106.7169181,intersection
400,10.7972275,106.7180147,intersection
401,10.796517,106.7184188,intersection
402,10.7961269,106.7166287,stop_location
403,10.7952896,106.7099301,intersection
404,10.7957957,106.7101609,intersection
405,10.7958184,106.7184302,intersection
406,10.7935128,106.7181547,intersection
407,10.7952206,106.718485,stop_location
408,10.7935116,106.718378,stop_location
409,10.7935122,106.718263,intersection
410,10.7971279,106.720353,intersection
411,10.7935132,106.7180685,intersection
412,10.7981048,106.7200517,intersection
413,10.7981906,106.7199295,intersection
414,10.8144789,106.7128144,stop_location
415,10.8054184,106.7154514,intersection
416,10.8010337,106.7098041,stop_location
417,10.7960839,106.7111534,intersection
418,10.8014698,106.7105405,intersection
419,10.7946084,106.7017934,intersection
420,10.7945766,106.701764,intersection
421,10.8050167,106.7147482,intersection
422,10.8054943,106.7152656,intersection
423,10.8124916,106.7155223,stop_location
424,10.8128411,106.7131529,stop_location
425,10.8049238,106.71516,intersection
426,10.8015922,106.7122063,intersection
427,10.8055837,106.7148844,intersection
428,10.7969808,106.7106277,intersection
429,10.7995815,106.7246225,intersection
430,10.8013004,106.711558,intersection
431,10.8057633,106.7139666,intermediate
432,10.8171528,106.7119466,intersection
433,10.7954599,106.7109339,intersection
434,10.8127079,106.7132606,intermediate
435,10.8015544,106.7153425,intersection
436,10.7999789,106.714679,intermediate
437,10.8106734,106.7133546,stop_location
438,10.8051296,106.7142579,intermediate
439,10.7995942,106.7153737,intersection
440,10.7996431,106.7248535,intermediate
441,10.7997866,106.7150197,intersection
442,10.8001484,106.7125706,intermediate
443,10.7995442,106.7159102,intermediate
444,10.7981006,106.7128456,intermediate
445,10.8115405,106.7144155,intersection
446,10.8064749,106.7133647,stop_location
447,10.801359,106.7098195,stop_location
448,10.8106127,106.7134102,stop_location
449,10.7970567,106.7127098,intermediate
450,10.8005958,106.7152473,intersection
451,10.8015782,106.7126491,stop_location
452,10.8134675,106.7139189,intersection
453,10.8097647,106.7156147,intersection
454,10.8009191,106.7156171,intersection
455,10.8058766,106.7134756,intermediate
456,10.8053901,106.7159377,intersection
457,10.7966615,106.7125327,intermediate
458,10.8013987,106.7165826,intermediate
459,10.8016465,106.7159711,intermediate
460,10.8012607,106.7127424,intersection
461,10.8121842,106.7150742,stop_location
462,10.8125593,106.7154581,intersection
463,10.8009671,106.7092326,intersection
464,10.8040964,106.7145314,intersection
465,10.7904863,106.7205895,intersection
466,10.7894495,106.7214915,intersection
467,10.7897176,106.7195978,intersection
468,10.7933341,106.71767,intermediate
469,10.7881977,106.7093691,intersection
470,10.7881067,106.7195744,intersection
471,10.7906024,106.7188672,intersection
472,10.7889164,106.7102735,intersection
473,10.789706,106.7202607,intersection
474,10.7894374,106.7192295,intersection
475,10.7893504,106.7111432,intersection
476,10.7906271,106.719465,intersection
477,10.7901338,106.7201586,intersection
478,10.7888599,106.7184041,intersection
479,10.7901854,106.7110314,intersection
480,10.7896572,106.7110432,intersection
481,10.7883843,106.7199906,intersection
482,10.7900785,106.7200926,intersection
483,10.7882927,106.7093984,intersection
484,10.7934342,106.7180678,intersection
485,10.7886676,106.7203953,intersection
486,10.7906356,106.7181787,stop_location
487,10.7906706,106.718853,intersection
488,10.7888553,106.7103378,intersection
489,10.789154,106.7188324,intersection
490,10.7895655,106.7108043,stop_location
491,10.7894499,106.7111108,intersection
492,10.7899948,106.7177383,intersection
493,10.787882,106.7190783,intersection
494,10.7895738,106.7110704,intersection
495,10.7905607,106.719438,intersection
496,10.7889499,106.7207986,intersection
497,10.7912003,106.7183252,intersection
498,10.7882567,106.7140433,intersection
499,10.7879885,106.7144245,intersection
500,10.7885077,106.7143285,intermediate
501,10.7889458,106.7149283,intersection
502,10.7878549,106.7159482,intersection
503,10.7883121,106.7148478,intermediate
504,10.7884489,106.7151586,intermediate
505,10.7881833,106.7141441,intersection
506,10.7879324,106.7161836,intersection
507,10.788623,106.7145824,intermediate
508,10.7885039,106.7133014,intersection
509,10.7887416,106.7149042,intersection
510,10.7886994,106.7152287,intermediate
511,10.7926675,106.7197826,intermediate
512,10.7946246,106.7195017,intersection
513,10.7930711,106.7198469,intersection
514,10.7944024,106.7191397,intersection
515,10.793556,106.719718,intersection
516,10.79149,106.7204535,intermediate
517,10.7976509,106.7209605,intersection
518,10.8133432,106.7047758,intermediate
519,10.8134242,106.7047401,intermediate
520,10.7984401,106.7082201,intermediate
521,10.7976972,106.72017,intersection
522,10.7958639,106.6941442,intersection
523,10.7955282,106.6941267,intersection
524,10.7953567,106.6941215,intersection
525,10.7981449,106.6927891,intermediate
526,10.8012428,106.7109826,intersection
527,10.8015309,106.7109333,intersection
528,10.7976019,106.7047704,intersection
529,10.7978124,106.7049748,intersection
530,10.7945205,106.7013719,intersection
531,10.8029879,106.6933214,intersection
532,10.803162,106.6919592,stop_location
533,10.8033095,106.6909017,intersection
534,10.80285,106.6943595,intersection
535,10.8020978,106.7011579,intersection
536,10.8032777,106.7060615,intersection
537,10.8029223,106.69843,intersection
538,10.8031077,106.6923844,intersection
539,10.8034343,106.7002521,intersection
540,10.8031389,106.6995286,stop_location
541,10.8027408,106.6985719,intersection
542,10.803925,106.7016015,intersection
543,10.8031613,106.7076354,intersection
544,10.803077,106.7076295,intersection
545,10.7927757,106.7073842,intersection
546,10.7947991,106.7092918,stop_location
547,10.8007419,106.7111784,intersection
548,10.7953859,106.7098494,intersection
549,10.7995023,106.7110937,stop_location
550,10.8000068,106.711127,intersection
551,10.7934287,106.707995,stop_location
552,10.8012043,106.7112269,intersection
553,10.7986338,106.7110148,intersection
554,10.7972949,106.6937251,intersection
555,10.7973298,106.6931069,intersection
556,10.7973608,106.6925024,intersection
557,10.8078476,106.7093212,stop_location
558,10.8113279,106.7141554,intersection
559,10.7930531,106.7052736,intersection
560,10.7995171,106.7095571,intermediate
561,10.8015688,106.7133178,intersection
562,10.8062933,106.716054,intersection
563,10.8061942,106.7171968,intersection
564,10.8062243,106.7180733,intersection
565,10.8062458,106.7187041,intermediate
566,10.8006623,106.6963988,intersection
567,10.8066491,106.7046316,intersection
568,10.8073465,106.7045514,intersection
569,10.8078655,106.7039712,intersection
570,10.8085069,106.7038883,intersection
571,10.8096245,106.7050089,intermediate
572,10.8110829,106.7035443,intersection
573,10.7986101,106.6983671,intermediate
574,10.8156936,106.7087923,intermediate
575,10.8150578,106.7103879,intersection
576,10.7964934,106.7055752,intersection
577,10.7953767,106.705214,intermediate
578,10.7974265,106.7039738,intersection
579,10.7970431,106.7080122,intersection
580,10.7897019,106.7160927,intersection
581,10.7894493,106.7160585,intersection
582,10.7896815,106.7167631,intersection
583,10.8001395,106.699431,intersection
584,10.800606,106.7012098,intersection
585,10.8018271,106.7031888,intermediate
586,10.8025262,106.7025124,intersection
587,10.8016602,106.7028526,intersection
588,10.795571,106.6930314,intersection
589,10.7951383,106.6931776,intersection
590,10.7957902,106.6917516,intersection
591,10.8115551,106.6988242,intersection
592,10.8087266,106.7140739,stop_location
593,10.7966618,106.6942032,intersection
594,10.7940005,106.6971275,intersection
595,10.794557,106.6971474,intermediate
596,10.8040226,106.7094404,stop_location
597,10.8112254,106.7073402,intersection
598,10.8128988,106.7075676,intermediate
599,10.7979353,106.7229429,dead_end
600,10.797893,106.7206047,intersection
601,10.8056371,106.7171283,intersection
602,10.7990368,106.7223398,stop_location
603,10.8000192,106.7231714,intersection
604,10.811655,106.7073948,intersection
605,10.8120904,106.707443,intersection
606,10.8057635,106.6908172,intersection
607,10.7921939,106.717109,intermediate
608,10.7880171,106.7109142,intersection
609,10.7889825,106.7104883,stop_location
610,10.7935212,106.7011842,intersection
611,10.7892442,106.70797,intersection
612,10.7996626,106.7173368,stop_location
613,10.7988989,106.7168281,intermediate
614,10.7903032,106.7075756,intersection
615,10.789377,106.7186684,intersection
616,10.7897779,106.7191986,intersection
617,10.7895457,106.7193719,intersection
618,10.7901039,106.7189866,intersection
619,10.7903212,106.7189933,intermediate
620,10.7966652,106.7235025,intersection
621,10.7952586,106.7227698,intersection
622,10.7946061,106.7238505,intersection
623,10.7957793,106.722929,stop_location
624,10.7950501,106.7241243,intersection
625,10.7959456,106.7246814,intersection
626,10.7970175,106.7238462,intersection
627,10.7963561,106.7249387,intersection
628,10.7973233,106.7241275,intersection
629,10.796702,106.7251518,intersection
630,10.789994,106.7221723,intersection
631,10.7899028,106.722294,intersection
632,10.7935197,106.722776,intersection
633,10.7963058,106.7230626,intersection
634,10.7955014,106.724403,intersection
635,10.8026642,106.6966196,intersection
636,10.8025162,106.6980117,intersection
637,10.80254,106.6966133,intersection
638,10.8024515,106.6974961,stop_location
639,10.8024092,106.6979881,intersection
640,10.7935398,106.7226118,intersection
641,10.7935248,106.7202056,intersection
642,10.7934406,106.7226618,intersection
643,10.7953927,106.7225192,intersection
644,10.7958865,106.7217265,intersection
645,10.794397,106.7197752,intermediate
646,10.7957154,106.7072465,stop_location
647,10.7968976,106.7077301,intermediate
648,10.8046953,106.7205187,intersection
649,10.8050688,106.7211545,intersection
650,10.8055524,106.7180356,intersection
651,10.8069619,106.7163834,intermediate
652,10.8068388,106.7173445,intersection
653,10.7939816,106.7054762,intersection
654,10.7899029,106.7125645,intermediate
655,10.7896912,106.7158064,intersection
656,10.7893506,106.7157274,intersection
657,10.7907049,106.7122843,intersection
658,10.7901642,106.7115981,intersection
659,10.7913991,106.7125753,intermediate
660,10.8123607,106.7009214,intersection
661,10.811048,106.7009933,intersection
662,10.8123632,106.7010303,stop_location
663,10.8135628,106.7008555,stop_location
664,10.8135717,106.7009615,intersection
665,10.8144529,106.7008067,intersection
666,10.8144593,106.7009111,intersection
667,10.815366,106.7008595,intersection
668,10.81174,106.7010631,intersection
669,10.7997808,106.7204066,intersection
670,10.7996246,106.7209892,intersection
671,10.8018693,106.7191269,intersection
672,10.8017153,106.7194297,intersection
673,10.802271,106.7193849,intersection
674,10.8027484,106.7203851,intersection
675,10.8003885,106.7226953,intersection
676,10.7990749,106.7228196,stop_location
677,10.7994862,106.7209884,intersection
678,10.799485,106.7218745,intersection
679,10.8027091,106.7216071,intersection
680,10.8023981,106.720514,intersection
681,10.8066359,106.6987362,intersection
682,10.8055289,106.6991663,intersection
683,10.8056029,106.6993785,intersection
684,10.8060892,106.6996276,intersection
685,10.8060333,106.6999183,intermediate
686,10.8063428,106.6991886,intermediate
687,10.8025567,106.6965054,intersection
688,10.8026729,106.6965171,intersection
689,10.7973405,106.6961678,intersection
690,10.7956935,106.6960729,intersection
691,10.7945712,106.6960141,intersection
692,10.7962457,106.6961123,stop_location
693,10.7961225,106.694991,intermediate
694,10.797155,106.6950986,intersection
695,10.7974008,106.6953213,intersection
696,10.7973651,106.6952978,intersection
697,10.7982631,106.6962351,stop_location
698,10.7979867,106.6962067,intersection
699,10.7979766,106.6963368,intersection
700,10.8090066,106.6966305,intersection
701,10.8031034,106.7084308,intersection
702,10.8031945,106.7071866,intersection
703,10.8034267,106.7081761,stop_location
704,10.8034669,106.7076637,intersection
705,10.8035059,106.7072153,intersection
706,10.8070298,106.7045826,intersection
707,10.807563,106.7010509,intersection
708,10.7977654,106.6928248,intersection
709,10.8006611,106.6965251,intersection
710,10.8135787,106.7030278,intersection
711,10.8133705,106.7038888,intersection
712,10.8101434,106.7059028,intermediate
713,10.8093118,106.7058477,intersection
714,10.8066291,106.7043013,intersection
715,10.8087534,106.7079364,intermediate
716,10.8033698,106.7048266,intersection
717,10.8052113,106.705704,intersection
718,10.8082188,106.7074451,intersection
719,10.8097796,106.7034068,intermediate
720,10.8092928,106.7059728,intersection
721,10.8092344,106.7051572,intermediate
722,10.8101118,106.7060879,intermediate
723,10.8092855,106.7060214,intersection
724,10.8101724,106.7056534,intermediate
725,10.8092943,106.7063413,intersection
726,10.8048707,106.7208185,intersection
727,10.8043833,106.7207027,intermediate
728,10.8106071,106.7176321,intersection
729,10.8100617,106.7181954,intersection
730,10.8069854,106.7148235,intermediate
731,10.7976665,106.7003177,intermediate
732,10.7982242,106.7035639,intermediate
733,10.7971018,106.7084429,intersection
734,10.8010498,106.7033574,intermediate
735,10.7975636,106.7075496,intersection
736,10.7971067,106.7072875,intersection
737,10.7994368,106.71,intersection
738,10.7989645,106.7086199,intermediate
739,10.7995421,106.706828,intersection
740,10.8029203,106.7017381,intersection
741,10.8029693,106.702432,intermediate
742,10.8001677,106.7029627,intermediate
743,10.8009707,106.7025569,intersection
744,10.8000239,106.7022675,intermediate
745,10.8012509,106.7030798,intersection
746,10.7983921,106.7022802,intersection
747,10.7982426,106.7023408,intermediate
748,10.7989988,106.7010507,intersection
749,10.799141,106.700989,intersection
750,10.7975325,106.7063105,intermediate
751,10.7982515,106.7069526,intersection
752,10.8003469,106.7072501,intersection
753,10.7998825,106.7065381,stop_location
754,10.8013937,106.7063561,intersection
755,10.8105818,106.6901783,intersection
756,10.8107286,106.6902856,dead_end
757,10.8110425,106.6911702,intersection
758,10.8007154,106.7026871,intersection
759,10.800419,106.7020571,intersection
760,10.8003477,106.7017212,intermediate
761,10.8007779,106.7014386,intersection
762,10.8048281,106.7133293,intermediate
763,10.8092919,106.7064608,intersection
764,10.8081428,106.706582,intersection
765,10.8035086,106.718043,intersection
766,10.8010566,106.7180771,stop_location
767,10.8013868,106.7182932,intersection
768,10.8000897,106.7028124,intermediate
769,10.8005052,106.7005092,intersection
770,10.8000974,106.7085179,intermediate
771,10.8004269,106.708266,intersection
772,10.7979275,106.710862,intersection
773,10.7977928,106.7033339,intersection
774,10.8046331,106.7143196,intermediate
775,10.8041879,106.7141822,intermediate
776,10.8035568,106.7232379,intermediate
777,10.8023633,106.7240211,intermediate
778,10.8027769,106.7237878,intermediate
779,10.8023407,106.7229798,intersection
780,10.8031932,106.7234847,intermediate
781,10.8027891,106.7227224,intersection
782,10.8108758,106.7193836,intermediate
783,10.8111762,106.7192388,intersection
784,10.8117742,106.7181069,intersection
785,10.8120419,106.7175419,intersection
786,10.8106825,106.7191424,intersection
787,10.8106446,106.7187391,intersection
788,10.8098457,106.7175838,intermediate
789,10.8108473,106.7185948,intersection
790,10.810239,106.7180009,intersection
791,10.8135779,106.716749,intersection
792,10.8108583,106.717395,intersection
793,10.8115059,106.7180162,intersection
794,10.8109268,106.7168586,intersection
795,10.8118236,106.7177577,intersection
796,10.8166771,106.7100468,intermediate
797,10.8127463,106.7157888,intersection
798,10.8117979,106.7153174,intermediate
799,10.8120672,106.7150784,intersection
800,10.8108579,106.7167738,intermediate
801,10.81267,106.7087379,stop_location
802,10.8125707,106.7070841,intermediate
803,10.8125308,106.7074816,intersection
804,10.8178342,106.6981218,intermediate
805,10.8171672,106.7077187,intermediate
806,10.8165929,106.706553,intersection
807,10.8158904,106.7057969,intersection
808,10.8168203,106.7031026,intersection
809,10.8163741,106.7034647,intersection
810,10.8154163,106.7018912,intersection
811,10.8155747,106.7029592,intersection
812,10.8169079,106.7010956,intersection
813,10.8168476,106.7007752,intersection
814,10.8170717,106.7014447,intersection
815,10.8161144,106.7018472,intersection
816,10.8154623,106.700854,intersection
817,10.8154671,106.7029316,intersection
818,10.8154568,106.7007517,intersection
819,10.8155177,106.7018914,intersection
820,10.7961747,106.7027991,stop_location
821,10.790536,106.7114496,intersection
822,10.7906358,106.7107074,intersection
823,10.7909234,106.7115227,intersection
824,10.7909418,106.7107115,intersection
825,10.7913659,106.7107142,intersection
826,10.7931601,106.7059566,intermediate
827,10.7928677,106.705935,intersection
828,10.792472,106.7058183,intersection
829,10.7928346,106.7112824,intersection
830,10.800934,106.7095958,intersection
831,10.7988773,106.71104,stop_location
832,10.7995507,106.7106734,intersection
833,10.8132503,106.7058938,intermediate
834,10.8117955,106.7060965,intersection
835,10.8132129,106.7065729,intermediate
836,10.7912987,106.7149392,intersection
837,10.7903427,106.7156357,intersection
838,10.792375,106.7180639,intersection
839,10.7928066,106.7197802,intersection
840,10.7936547,106.7196505,intersection
841,10.7974554,106.7213784,intersection
842,10.7977369,106.7214454,intersection
843,10.7948359,106.7203408,intersection
844,10.7935571,106.7213009,intersection
845,10.793483,106.7213392,intersection
846,10.7934874,106.7212179,intersection
847,10.7935611,106.7211644,intersection
848,10.7947761,106.7202676,intersection
849,10.7905069,106.7225591,stop_location
850,10.7904213,106.7226815,intersection
851,10.7954875,106.7197612,intersection
852,10.794988,106.7163447,intermediate
853,10.7946022,106.7165925,intersection
854,10.7947911,106.7153442,intermediate
855,10.7941503,106.7158246,intersection
856,10.816824,106.697841,stop_location
857,10.7908785,106.7209795,intermediate
858,10.8157089,106.7059628,intersection
859,10.7900156,106.7141134,intersection
860,10.8064737,106.6969673,stop_location
861,10.8062153,106.6965201,intermediate
862,10.8080156,106.6970912,intersection
863,10.8051035,106.6979322,intersection
864,10.8049483,106.6975515,intermediate
865,10.8063936,106.6957475,stop_location
866,10.8055663,106.6960498,stop_location
867,10.8044587,106.6981371,intersection
868,10.8044012,106.6976564,intermediate
869,10.8045431,106.6965498,intersection
870,10.8046066,106.6917378,intersection
871,10.8082984,106.6950932,intersection
872,10.799606,106.6995564,intersection
873,10.8009689,106.6992288,intersection
874,10.8043393,106.6996285,intersection
875,10.8044445,106.7000371,intersection
876,10.7933667,106.7093403,intersection
877,10.7926788,106.7118646,stop_location
878,10.7930593,106.7104474,intersection
879,10.7975975,106.6980995,intermediate
880,10.7981166,106.6990492,intersection
881,10.8008111,106.698483,intersection
882,10.7976217,106.6975513,intersection
883,10.7976974,106.6963159,intersection
884,10.7965353,106.6978428,intermediate
885,10.7958763,106.6979107,intersection
886,10.7965763,106.6973277,intersection
887,10.7995502,106.6964429,intersection
888,10.7999769,106.6968143,intermediate
889,10.7993079,106.6975308,intermediate
890,10.7954679,106.6961704,stop_location
891,10.7954805,106.6970978,intermediate
892,10.7965462,106.6977058,intersection
893,10.7960848,106.6976801,intermediate
894,10.7986677,106.7007407,intermediate
895,10.7991096,106.7019654,intersection
896,10.798691,106.7011256,intersection
897,10.7989045,106.702059,intersection
898,10.7984719,106.701201,intersection
899,10.7987045,106.7021503,intersection
900,10.7983341,106.7018699,intersection
901,10.799849,106.701804,intersection
902,10.8005653,106.7011938,intersection
903,10.8003887,106.7012977,intermediate
904,10.8003315,106.7011457,intermediate
905,10.8010571,106.7006728,intermediate
906,10.8005013,106.6993428,intersection
907,10.8003829,106.6997072,intermediate
908,10.7996105,106.6951745,intermediate
909,10.7971494,106.6952782,intersection
910,10.7973527,106.6949435,intersection
911,10.7944779,106.6953353,intersection
912,10.7948643,106.695362,intermediate
913,10.8113723,106.6974505,intermediate
914,10.811422,106.6973263,stop_location
915,10.8041366,106.6969926,intersection
916,10.8044952,106.6970332,intersection
917,10.8046557,106.697358,intermediate
918,10.8048968,106.6966111,intersection
919,10.8048667,106.6970731,intermediate
920,10.8047625,106.696589,intersection
921,10.8048807,106.6968585,intersection
922,10.8043401,106.6954591,intersection
923,10.8047084,106.695504,intermediate
924,10.804303,106.695741,intersection
925,10.8047795,106.696048,intersection
926,10.8049172,106.6960153,intermediate
927,10.8046259,106.6960854,intermediate
928,10.8047428,106.696057,intersection
929,10.804482,106.6965387,intersection
930,10.8044447,106.6963026,intermediate
931,10.8050071,106.6966292,intersection
932,10.804869,106.6963609,intermediate
933,10.8062305,106.6958683,intersection
934,10.8108134,106.6957836,intersection
935,10.8105671,106.6955123,stop_location
936,10.8041987,106.6965322,intersection
937,10.8040604,106.69595,intermediate
938,10.8041015,106.6972527,intersection
939,10.8040301,106.6971636,intermediate
940,10.8039178,106.6975652,intermediate
941,10.8038474,106.6949767,stop_location
942,10.8041104,106.6956062,intermediate
943,10.8046151,106.6989227,intermediate
944,10.804544,106.6985656,intersection
945,10.8047789,106.6985171,intermediate
946,10.8047276,106.7010764,intersection
947,10.8046454,106.7013783,intermediate
948,10.7953908,106.6990222,intersection
949,10.7953338,106.6992912,intermediate
950,10.7968122,106.7010483,intersection
951,10.796588,106.7005384,intermediate
952,10.7969791,106.7008753,intersection
953,10.7965458,106.7004392,intermediate
954,10.7969886,106.7005548,intermediate
955,10.797125,106.7007096,intersection
956,10.7973312,106.7009223,intermediate
957,10.7971836,106.701102,intermediate
958,10.7971678,106.7013863,intermediate
959,10.7970044,106.701231,intersection
960,10.7968516,106.7013917,intermediate
961,10.7962911,106.701564,intersection
962,10.7969649,106.7018235,intermediate
963,10.7958356,106.7020095,intersection
964,10.7964564,106.7020381,intermediate
965,10.7966883,106.7022741,intermediate
966,10.8008945,106.7064048,intersection
967,10.8008393,106.7060225,intermediate
968,10.8003981,106.7073385,intersection
969,10.8017076,106.7067098,intermediate
970,10.8005934,106.7056839,intersection
971,10.8004234,106.7054754,intermediate
972,10.8003691,106.7058918,intersection
973,10.8001894,106.7056809,intermediate
974,10.8011454,106.7063803,intersection
975,10.8012789,106.7067269,intermediate
976,10.8019533,106.7103999,intermediate
977,10.801408,106.7101381,intersection
978,10.8023221,106.7113057,intersection
979,10.8023569,106.7109346,stop_location
980,10.8034288,106.7032895,intersection
981,10.8031069,106.7032852,intersection
982,10.8030611,106.7029793,intermediate
983,10.8030565,106.7035163,stop_location
984,10.7970024,106.704742,intersection
985,10.7963259,106.7047146,intermediate
986,10.7963537,106.7058178,stop_location
987,10.7957379,106.7055117,intermediate
988,10.7976497,106.7083728,intermediate
989,10.797466,106.7053876,intermediate
990,10.7982841,106.7054329,intersection
991,10.798083,106.7071158,intersection
992,10.7985926,106.7074309,intermediate
993,10.7982127,106.7069901,intersection
994,10.7985873,106.7071653,intermediate
995,10.7985277,106.7065107,intersection
996,10.7987512,106.7065179,intersection
997,10.7986571,106.7068401,intersection
998,10.7990058,106.7065272,intermediate
999,10.7986663,106.7068506,intermediate
1000,10.7988088,106.7065855,intersection
1001,10.7985947,106.7067776,intersection
1002,10.7998375,106.7072511,intersection
1003,10.7997813,106.7077846,intermediate
1004,10.800051,106.707607,stop_location
1005,10.8003217,106.7094532,intersection
1006,10.7999503,106.7094288,intermediate
1007,10.8002059,106.7092317,intermediate
1008,10.8011637,106.7105994,intersection
1009,10.8007228,106.7109053,intermediate
1010,10.8003353,106.7111572,intersection
1011,10.8004146,106.7105888,intermediate
1012,10.8000696,106.7104489,intersection
1013,10.8004357,106.7104869,intermediate
1014,10.7997981,106.7094811,intermediate
1015,10.7946567,106.7092558,intersection
1016,10.7944426,106.7094831,stop_location
1017,10.7932616,106.7097154,stop_location
1018,10.7930493,106.7095096,intermediate
1019,10.7919847,106.7112491,intermediate
1020,10.7897932,106.7108051,intermediate
1021,10.7901203,106.7121439,intersection
1022,10.7903791,106.7122298,intermediate
1023,10.7904295,106.7129863,intermediate
1024,10.7930703,106.7104073,intersection
1025,10.7966447,106.713048,intermediate
1026,10.7966427,106.7104951,stop_location
1027,10.7965488,106.7107653,intermediate
1028,10.7967857,106.7105504,intersection
1029,10.7965403,106.7111162,intermediate
1030,10.8010172,106.7115525,intersection
1031,10.8008652,106.7117887,intermediate
1032,10.8007867,106.7146893,stop_location
1033,10.800528,106.7147098,intermediate
1034,10.7994569,106.7149386,intermediate
1035,10.7991404,106.7153776,intersection
1036,10.7991289,106.7152025,intermediate
1037,10.7992046,106.71598,intermediate
1038,10.799565,106.7157185,intersection
1039,10.7991385,106.7157325,intersection
1040,10.7993467,106.7157256,intersection
1041,10.799333,106.7160734,intermediate
1042,10.7918618,106.7139268,intersection
1043,10.7915624,106.7137112,intermediate
1044,10.7916745,106.7141351,intersection
1045,10.7914477,106.7138957,intermediate
1046,10.7914592,106.7149978,intermediate
1047,10.7902913,106.7156886,intersection
1048,10.7904981,106.7158991,intermediate
1049,10.7904064,106.7158057,intersection
1050,10.7902848,106.7159272,intermediate
1051,10.7885875,106.7163591,intermediate
1052,10.7880626,106.7163751,intersection
1053,10.7884292,106.716177,intermediate
1054,10.7885844,106.7156705,intersection
1055,10.788783,106.7154952,intermediate
1056,10.788655,106.7156412,intersection
1057,10.7885713,106.7153793,intermediate
1058,10.7883341,106.7138538,intersection
1059,10.7886341,106.7139402,intermediate
1060,10.7897616,106.7139636,intersection
1061,10.789934,106.7136556,intermediate
1062,10.789289,106.7151882,intersection
1063,10.7895486,106.7147977,intersection
1064,10.7898447,106.7159531,intersection
1065,10.7899161,106.7160767,intersection
1066,10.7900178,106.7161904,intersection
1067,10.7898481,106.7163347,intermediate
1068,10.7907027,106.716103,intermediate
1069,10.7922773,106.7174888,intersection
1070,10.7931014,106.7174313,intermediate
1071,10.7973672,106.7198754,intersection
1072,10.7917459,106.7200757,intersection
1073,10.7914249,106.7198554,intersection
1074,10.7915308,106.7196818,intermediate
1075,10.7916674,106.7201992,intersection
1076,10.7913148,106.7199903,intermediate
1077,10.7981346,106.7177692,intersection
1078,10.7986557,106.7183089,intermediate
1079,10.7978679,106.7187193,intermediate
1080,10.7982771,106.717794,intersection
1081,10.7981685,106.7181692,intermediate
1082,10.7967367,106.7182875,intersection
1083,10.7974618,106.7187802,intersection
1084,10.7975754,106.7184863,intersection
1085,10.7975991,106.7189293,intersection
1086,10.7978229,106.7183253,intermediate
1087,10.7974747,106.7183499,intersection
1088,10.7975634,106.718664,intermediate
1089,10.8051509,106.7072155,intermediate
1090,10.8032359,106.7066889,stop_location
1091,10.8044888,106.7048563,intermediate
1092,10.8033897,106.7045598,stop_location
1093,10.8044407,106.7045551,intermediate
1094,10.8035292,106.703147,intersection
1095,10.8036929,106.7031821,intermediate
1096,10.8037201,106.7023292,intersection
1097,10.8039223,106.7023789,intersection
1098,10.8041952,106.7026404,intersection
1099,10.8043466,106.7024863,intermediate
1100,10.8044107,106.7028898,intersection
1101,10.8045852,106.7032802,intermediate
1102,10.8042416,106.7029565,intersection
1103,10.8065904,106.6990206,intermediate
1104,10.8066955,106.7020619,intermediate
1105,10.8058246,106.7042668,intermediate
1106,10.8031787,106.7138909,intermediate
1107,10.7995534,106.719511,intermediate
1108,10.7991733,106.7201493,intermediate
1109,10.7993714,106.720567,intermediate
1110,10.8001119,106.7205316,intermediate
1111,10.8012885,106.7211162,intersection
1112,10.8012696,106.7216287,intersection
1113,10.8012418,106.722287,intermediate
1114,10.8017611,106.7216031,intersection
1115,10.8013111,106.7207627,intermediate
1116,10.8010934,106.7231732,intersection
1117,10.8007896,106.7224013,intersection
1118,10.8051754,106.72044,intermediate
1119,10.8040772,106.7206229,intermediate
1120,10.8047306,106.7201497,intermediate
1121,10.8045311,106.7202565,intersection
1122,10.8043275,106.7203696,intermediate
1123,10.8044446,106.7198516,intersection
1124,10.8058081,106.7206924,stop_location
1125,10.806264,106.7211367,intermediate
1126,10.8054472,106.7188641,intermediate
1127,10.8065947,106.7172877,intersection
1128,10.8065037,106.7175949,intermediate
1129,10.8072542,106.7177624,intersection
1130,10.8082163,106.7178322,intermediate
1131,10.8080301,106.7178204,intersection
1132,10.8133171,106.7170618,intersection
1133,10.8137093,106.7174575,intermediate
1134,10.8130962,106.7173266,intersection
1135,10.8132004,106.7178078,intermediate
1136,10.8132953,106.7175272,intersection
1137,10.8131569,106.7176503,intermediate
1138,10.812759,106.7168399,intersection
1139,10.8124008,106.7164399,intermediate
1140,10.8045332,106.7199042,intermediate
1141,10.8033958,106.719265,intersection
1142,10.8037664,106.7194034,intersection
1143,10.8038982,106.7190091,intermediate
1144,10.8035695,106.719894,intermediate
1145,10.8041139,106.7189237,intermediate
1146,10.8039271,106.7195032,intersection
1147,10.8042045,106.7196878,intersection
1148,10.8044174,106.7190579,intermediate
1149,10.804657,106.7192205,intermediate
1150,10.8036686,106.7186849,intersection
1151,10.8032868,106.7185051,intersection
1152,10.8029676,106.7183481,intersection
1153,10.8026655,106.7182243,intersection
1154,10.8036837,106.7164286,intersection
1155,10.8035385,106.7176122,stop_location
1156,10.8009725,106.71896,intersection
1157,10.8015059,106.7192904,intersection
1158,10.8013004,106.7198298,intersection
1159,10.7994203,106.7202477,intermediate
1160,10.8026724,106.720414,intersection
1161,10.8033994,106.7208361,intersection
1162,10.8035314,106.7212001,intersection
1163,10.8041847,106.7209788,intersection
1164,10.8041951,106.7202416,intermediate
1165,10.8035971,106.7202451,intermediate
1166,10.804136,106.7200576,intermediate
1167,10.803879,106.720147,intersection
1168,10.8039404,106.7203241,intersection
1169,10.8022881,106.6921527,intermediate
1170,10.80287,106.695011,stop_location
1171,10.8020498,106.7187172,intersection
1172,10.8128148,106.7157195,intermediate
1173,10.8124698,106.7179419,intermediate
1174,10.8139792,106.7168967,intersection
1175,10.8135302,106.7163922,intersection
1176,10.813238,106.716345,intersection
1177,10.8089842,106.7182759,intermediate
1178,10.8095884,106.7176984,intersection
1179,10.804334,106.7222241,intermediate
1180,10.7993441,106.6947126,intermediate
1181,10.8030191,106.7084236,intersection
1182,10.7979102,106.7109278,intersection
1183,10.803285,106.7048181,intersection
1184,10.7977069,106.6961899,stop_location
1185,10.7988203,106.7179026,intersection
1186,10.793381,106.7080454,stop_location
1187,10.7969974,106.7105563,intersection
1188,10.802006,106.7172852,intersection
1189,10.7966448,106.6961325,intersection
1190,10.8002308,106.7171356,stop_location
1191,10.7994523,106.7180377,intersection
1192,10.8012784,106.7187359,stop_location
1193,10.801101,106.7190355,intersection
1194,10.8177113,106.7122151,intersection
1195,10.8183326,106.7134427,intersection
1196,10.8182385,106.7134397,intersection
1197,10.792838,106.7073116,intersection
1198,10.7927454,106.7072238,intersection
1199,10.7975791,106.6928189,intermediate
1200,10.8082457,106.7165504,intersection
1201,10.8034703,106.6902647,intersection
1202,10.8048479,106.690083,intermediate
1203,10.7886552,106.7083467,intersection
1204,10.7980322,106.7215344,intersection
1205,10.7935682,106.722758,intersection
1206,10.7901825,106.7113348,intersection
1207,10.7899325,106.7114814,intermediate
1208,10.7982813,106.6985908,intersection
1209,10.7998299,106.7179525,intersection
1210,10.7939034,106.7008785,intermediate
1211,10.8182559,106.7135128,intersection
1212,10.7951479,106.7192624,intermediate
1213,10.7914688,106.7212408,intersection
1214,10.8040047,106.690699,intermediate
1215,10.8034222,106.69064,intersection
1216,10.8059656,106.6959799,intersection
1217,10.8059408,106.6956997,intermediate
1218,10.8003459,106.6989617,intersection
1219,10.7994113,106.7236779,intersection
1220,10.8003927,106.7155958,intersection
1221,10.8053172,106.7195291,intermediate
1222,10.8013927,106.7030011,intersection
1223,10.8001904,106.7021788,intersection
1224,10.8008589,106.7067946,intermediate
1225,10.8007719,106.7064226,intersection
1226,10.7881409,106.7115247,intermediate
1227,10.8088488,106.7167469,intersection
1228,10.8165287,106.7007933,intersection
1229,10.8020097,106.7031269,intermediate
1230,10.8018542,106.7027445,intersection
1231,10.8012916,106.7053511,intermediate
1232,10.8016923,106.7075085,intermediate
1233,10.8081747,106.7173069,intermediate
1234,10.7913658,106.719825,intermediate
1235,10.8064826,106.717262,intermediate
1236,10.8029649,106.713844,intermediate
1237,10.797362,106.70127,intermediate
1238,10.797544,106.7012843,intersection
1239,10.7967586,106.6973466,intermediate
1240,10.8008987,106.708621,intersection
1241,10.7979751,106.7223148,dead_end
1242,10.7995944,106.7181263,intersection
1243,10.7996529,106.7176531,intersection
1244,10.7998028,106.7177345,intersection
1245,10.8100605,106.706804,intermediate
1246,10.7893312,106.7166929,intersection
1247,10.7894788,106.7165091,intersection
1248,10.7894463,106.7165398,intersection
1249,10.7892261,106.7164961,intersection
1250,10.7892085,106.7165338,intersection
1251,10.7893323,106.716443,intersection
1252,10.7894072,106.7164736,intersection
1253,10.7895194,106.7162626,intersection
1254,10.7895728,106.7164203,intersection
1255,10.8026567,106.7175861,intermediate
1256,10.7876417,106.7185516,intersection
1257,10.806472,106.6887608,intermediate
1258,10.8017428,106.703407,intermediate
1259,10.8084453,106.7158506,intermediate
1260,10.8008674,106.7054171,intermediate
1261,10.7886187,106.7172127,intersection
1262,10.7887917,106.7184511,intersection
1263,10.7886211,106.7185688,intersection
1264,10.7875067,106.7182134,intersection
1265,10.7986699,106.7079203,intermediate
1266,10.7971569,106.6947005,intermediate
1267,10.8056625,106.6996039,intermediate
1268,10.8084284,106.6892062,intermediate
1269,10.8064656,106.6958697,intermediate
1270,10.8008734,106.708195,intersection
1271,10.801321,106.7081425,intermediate
1272,10.7887681,106.7106555,intersection
1273,10.7886652,106.7109186,intersection
1274,10.7971817,106.7190117,intermediate
1275,10.7922157,106.7067288,intersection
1276,10.8030331,106.7093775,intersection
1277,10.8029343,106.7093708,intersection
1278,10.7979028,106.7244438,intersection
1279,10.7963479,106.7229931,intersection
1280,10.7935338,106.7012723,intersection
1281,10.8049509,106.7034957,intermediate
1282,10.7899492,106.7222339,intersection
1283,10.7904658,106.7226179,intersection
1284,10.7934513,106.7226422,intersection
1285,10.7934423,106.7227271,intersection
1286,10.7935961,106.7226686,intersection
1287,10.7935205,106.7226086,intersection
1288,10.797907,106.7180538,intermediate
1289,10.817483,106.713155,dead_end
1290,10.806782,106.7118916,intersection
1291,10.7959519,106.6926882,intersection
1292,10.7949017,106.7193108,intermediate
1293,10.8023773,106.7175588,intermediate
1294,10.8081794,106.6953714,intersection
1295,10.8082352,106.6952325,intersection
1296,10.8001644,106.7011153,intermediate
1297,10.7878847,106.7137679,intermediate
1298,10.8045816,106.7034967,intermediate
1299,10.8035368,106.7199771,intermediate
1300,10.8121496,106.7163567,intermediate
1301,10.8157504,106.70565,intermediate
1302,10.8190891,106.7085119,intermediate
1303,10.8163914,106.7063288,intersection
1304,10.799694,106.7160292,intermediate
1305,10.8070148,106.7162191,intersection
1306,10.8075653,106.7163503,stop_location
1307,10.8028874,106.6940778,intersection
1308,10.8029785,106.6940892,intersection
1309,10.8033986,106.6949672,stop_location
1310,10.7988141,106.7243946,intersection
1311,10.7897123,106.7153679,intermediate
1312,10.798647,106.7088197,intermediate
1313,10.8083617,106.7180184,intermediate
1314,10.8007351,106.7167171,intermediate
1315,10.8162378,106.7007089,stop_location
1316,10.8162457,106.7008094,stop_location
1317,10.8161556,106.7061216,intersection
1318,10.8162018,106.7060756,intersection
1319,10.8168081,106.7063258,intermediate
1320,10.8167641,106.7059995,intersection
1321,10.8005913,106.7166954,intermediate
1322,10.7996973,106.7077095,intermediate
1323,10.7915176,106.7212712,intersection
1324,10.802663,106.7113925,intersection
1325,10.8027716,106.7114041,intersection
1326,10.8025915,106.6985358,intersection
1327,10.8027046,106.69849,intersection
1328,10.8095546,106.7121871,intersection
1329,10.8090633,106.7120089,stop_location
1330,10.8027802,106.6948453,intersection
1331,10.8028874,106.6948567,intersection
1332,10.7984079,106.7198356,intersection
1333,10.7988997,106.7194009,stop_location
1334,10.7915638,106.7183462,intersection
1335,10.7915359,106.7182463,intersection
1336,10.7915504,106.71807,intersection
1337,10.7915503,106.7181552,intersection
1338,10.7961126,106.7186797,intersection
1339,10.7961685,106.7190826,intersection
1340,10.7961033,106.719133,stop_location
1341,10.7957936,106.6991282,intermediate
1342,10.8010567,106.7071079,intermediate
1343,10.8025693,106.6975119,intersection
1344,10.8012533,106.696556,stop_location
1345,10.8012588,106.6964409,stop_location
1346,10.8067219,106.6977246,intersection
1347,10.8015823,106.7125203,intersection
1348,10.8012898,106.7117969,intersection
1349,10.7986597,106.7198157,intersection
1350,10.7984541,106.7203829,intersection
1351,10.799172,106.7243456,intersection
